iter,PID,start,end,instance,activation
0,3641,1746.628264283,1746.628269398,0,0
1,3641,1746.664062919,1746.664227110,0,0
2,3641,1746.695017060,1746.695164290,0,0
3,3641,1746.728348488,1746.728499948,0,0
4,3641,1746.762166565,1746.762360678,152,0
5,3641,1746.795014958,1746.795174726,152,0
6,3641,1746.828350501,1746.828502422,152,0
7,3641,1746.864060522,1746.864840976,153,1
8,3641,1746.895193969,1746.895345083,153,0
9,3641,1746.928349245,1746.928499128,153,0
10,3641,1746.961776325,1746.962623279,154,1
11,3641,1746.995000600,1746.995147098,154,0
12,3641,1747.028341296,1747.028492103,154,0
13,3641,1747.064055663,1747.064947155,155,1
14,3641,1747.095076766,1747.095273495,155,0
15,3641,1747.128341002,1747.128494346,155,0
16,3641,1747.161668583,1747.162456768,156,1
17,3641,1747.195013126,1747.195167393,156,0
18,3641,1747.228347476,1747.228463398,156,0
19,3641,1747.261666442,1747.262405320,157,1
20,3641,1747.295013831,1747.295206637,157,0
21,3641,1747.328336297,1747.328488680,157,0
22,3641,1747.361675763,1747.362337026,158,1
23,3641,1747.395015729,1747.395165612,158,0
24,3641,1747.428346464,1747.428458309,158,0
25,3641,1747.461687891,1747.462352539,159,1
26,3641,1747.495015933,1747.495212624,159,0
27,3641,1747.528361476,1747.528563820,159,0
28,3641,1747.561676826,1747.562428473,160,1
29,3641,1747.595014753,1747.595169367,160,0
30,3641,1747.628346334,1747.628456218,160,0
31,3641,1747.661683146,1747.662514100,161,1
32,3641,1747.695017957,1747.695213148,161,0
33,3641,1747.728377269,1747.728535075,161,0
34,3641,1747.761681196,1747.762356306,162,1
35,3641,1747.795010508,1747.795163737,162,0
36,3641,1747.828345820,1747.828457242,162,0
37,3641,1747.861683939,1747.862345241,163,1
38,3641,1747.895011789,1747.895260710,163,0
39,3641,1747.928348178,1747.928498984,163,0
40,3641,1747.961681374,1747.962599597,164,1
41,3641,1747.995010840,1747.995162377,164,0
42,3641,1748.028340767,1748.028453920,164,0
43,3641,1748.061671579,1748.062336880,165,1
44,3641,1748.095007698,1748.095197581,165,0
45,3641,1748.128346317,1748.128502008,165,0
46,3641,1748.161676783,1748.162454084,166,1
47,3641,1748.195108632,1748.195263631,166,0
48,3641,1748.228349330,1748.228462829,166,0
49,3641,1748.261684449,1748.262359404,167,1
50,3641,1748.295026107,1748.295218759,167,0
51,3641,1748.328341880,1748.328495956,167,0
52,3641,1748.364075093,1748.364767702,168,1
53,3641,1748.395019427,1748.395170156,168,0
54,3641,1748.428338508,1748.428448276,168,0
55,3641,1748.464065028,1748.464871290,169,1
56,3641,1748.495006823,1748.495199129,169,0
57,3641,1748.528373326,1748.528524248,169,0
58,3641,1748.564055270,1748.564729456,170,1
59,3641,1748.595100371,1748.595244985,170,0
60,3641,1748.628347760,1748.628458375,170,0
61,3641,1748.661670341,1748.662333681,171,1
62,3641,1748.695105575,1748.695295534,171,0
63,3641,1748.728354310,1748.728506078,171,0
64,3641,1748.764053561,1748.764888323,172,1
65,3641,1748.795021471,1748.795164470,172,0
66,3641,1748.828337821,1748.828447589,172,0
67,3641,1748.861668863,1748.862475164,173,1
68,3641,1748.895096712,1748.895281826,173,0
69,3641,1748.928347371,1748.928493754,173,0
70,3641,1748.961667413,1748.962321099,174,1
71,3641,1748.995002032,1748.995147069,174,0
72,3641,1749.028351805,1749.028461727,174,0
73,3641,1749.061668347,1749.062337110,175,1
74,3641,1749.095108350,1749.095292463,175,0
75,3641,1749.128339854,1749.128488353,175,0
76,3641,1749.161669204,1749.162316045,176,1
77,3641,1749.195156591,1749.195305897,176,0
78,3641,1749.228364942,1749.228471095,176,0
79,3641,1749.261668638,1749.262347171,177,1
80,3641,1749.295012065,1749.295195563,177,0
81,3641,1749.328342338,1749.328490875,177,0
82,3641,1749.364048012,1749.364745814,178,1
83,3641,1749.395017076,1749.395156036,178,0
84,3641,1749.428344580,1749.428447502,178,0
85,3641,1749.464058485,1749.464886515,179,1
86,3641,1749.495035433,1749.495214008,179,0
87,3641,1749.528341859,1749.528483512,179,0
88,3641,1749.564049649,1749.565440597,180,1
89,3641,1749.595005058,1749.595144557,180,0
90,3641,1749.628340254,1749.628451484,180,0
91,3641,1749.664057197,1749.664850151,181,1
92,3641,1749.695017684,1749.695196528,181,0
93,3641,1749.728354725,1749.728489378,181,0
94,3641,1749.764089091,1749.764873969,182,1
95,3641,1749.795013732,1749.795150039,182,0
96,3641,1749.828371620,1749.828473465,182,0
97,3641,1749.864066794,1749.864710750,183,1
98,3641,1749.895015858,1749.895190318,183,0
99,3641,1749.928336400,1749.928471552,183,0
100,3641,1749.961675172,1749.962425050,184,1
101,3641,1749.995072983,1749.995205212,184,0
102,3641,1750.028345371,1750.028443870,184,0
103,3641,1750.061683644,1750.062328676,185,1
104,3641,1750.095010532,1750.095177453,185,0
105,3641,1750.128340689,1750.128478534,185,0
106,3641,1750.164108439,1750.164747895,186,1
107,3641,1750.195014311,1750.195138887,186,0
108,3641,1750.228389699,1750.228487390,186,0
109,3641,1750.261670203,1750.262433080,187,1
110,3641,1750.295016244,1750.295174935,187,0
111,3641,1750.328356748,1750.328498708,187,0
112,3641,1750.364059152,1750.364830645,188,1
113,3641,1750.395013331,1750.395134753,188,0
114,3641,1750.428351488,1750.428449641,188,0
115,3641,1750.464055854,1750.464819694,189,1
116,3641,1750.495013687,1750.495174570,189,0
117,3641,1750.528337036,1750.528466035,189,0
118,3641,1750.561667578,1750.562432648,190,1
119,3641,1750.595039157,1750.595158733,190,0
120,3641,1750.628345737,1750.628438275,190,0
121,3641,1750.661672317,1750.662304312,191,1
122,3641,1750.695165704,1750.695321510,191,0
123,3641,1750.728344362,1750.728468169,191,0
124,3641,1750.761668134,1750.762351128,192,1
125,3641,1750.795014368,1750.795135521,192,0
126,3641,1750.828343486,1750.828435409,192,0
127,3641,1750.861676451,1750.862405060,193,1
128,3641,1750.895007262,1750.895157260,193,0
129,3641,1750.928340188,1750.928457841,193,0
130,3641,1750.961669153,1750.962397069,194,1
131,3641,1750.995012655,1750.995099655,194,0
132,3641,1751.028384697,1751.028533695,194,0
133,3641,1751.061669315,1751.062420347,195,1
134,3641,1751.095014049,1751.095101779,195,0
135,3641,1751.128334168,1751.128479128,195,0
136,3641,1751.161673248,1751.162311434,196,1
137,3641,1751.195016135,1751.195100827,196,0
138,3641,1751.228352677,1751.228492945,196,0
139,3641,1751.265990448,1751.266747441,197,1
140,3641,1751.295022606,1751.295106643,197,0
141,3641,1751.328338224,1751.328475569,197,0
142,3641,1751.361674112,1751.362630988,198,1
143,3641,1751.395013615,1751.395095730,198,0
144,3641,1751.428338118,1751.428476386,198,0
145,3641,1751.461667044,1751.462391576,199,1
146,3641,1751.495015008,1751.495098969,199,0
147,3641,1751.528336049,1751.528473856,199,0
148,3641,1751.561673360,1751.562419930,200,1
149,3641,1751.595006324,1751.595086015,200,0
150,3641,1751.628335865,1751.628467133,200,0
151,3641,1751.661681945,1751.662318208,201,1
152,3641,1751.695003332,1751.695085254,201,0
153,3641,1751.728378950,1751.728511564,201,0
154,3641,1751.761681030,1751.762259832,202,1
155,3641,1751.795096839,1751.795175685,202,0
156,3641,1751.828388266,1751.828525149,202,0
157,3641,1751.861678961,1751.862268917,203,1
158,3641,1751.895126847,1751.895201000,203,0
159,3641,1751.928344466,1751.928476542,203,0
160,3641,1751.961676046,1751.962248041,204,1
161,3641,1751.995010356,1751.995089510,204,0
162,3641,1752.028346936,1752.028473627,204,0
163,3641,1752.061679785,1752.062257857,205,1
164,3641,1752.095128363,1752.095203209,205,0
165,3641,1752.128347675,1752.128469712,205,0
166,3641,1752.161674178,1752.162230788,206,1
167,3641,1752.195003834,1752.195078680,206,0
168,3641,1752.228343529,1752.228461913,206,0
169,3641,1752.261682763,1752.262253796,207,1
170,3641,1752.295137034,1752.295212341,207,0
171,3641,1752.328339191,1752.328459229,207,0
172,3641,1752.361679232,1752.362796876,208,1
173,3641,1752.395008927,1752.395080581,208,0
174,3641,1752.428341622,1752.428459237,208,0
175,3641,1752.461671933,1752.462259619,209,1
176,3641,1752.495007935,1752.495079319,209,0
177,3641,1752.528340245,1752.528467282,209,0
178,3641,1752.561682132,1752.562709661,210,1
179,3641,1752.595129095,1752.595278401,210,0
180,3641,1752.628337714,1752.628450674,210,0
181,3641,1752.661680254,1752.662363094,211,1
182,3641,1752.695152217,1752.695342100,211,0
183,3641,1752.728347682,1752.728501527,211,0
184,3641,1752.761675916,1752.762348102,212,1
185,3641,1752.795085033,1752.795233531,212,0
186,3641,1752.828501996,1752.828612495,212,0
187,3641,1752.861677269,1752.862425493,213,1
188,3641,1752.895006502,1752.895193270,213,0
189,3641,1752.928359966,1752.928508426,213,0
190,3641,1752.961712006,1752.962591114,214,1
191,3641,1752.995142662,1752.995289583,214,0
192,3641,1753.028342012,1753.028451934,214,0
193,3641,1753.061681591,1753.062448968,215,1
194,3641,1753.095137361,1753.095322513,215,0
195,3641,1753.128344865,1753.128492017,215,0
196,3641,1753.164096384,1753.165346411,216,1
197,3641,1753.195105215,1753.195246521,216,0
198,3641,1753.228344064,1753.228481025,216,0
199,3641,1753.264058891,1753.264829615,217,1
200,3641,1753.295015338,1753.295192183,217,0
201,3641,1753.328338879,1753.328480570,217,0
202,3641,1753.361681766,1753.362355606,218,1
203,3641,1753.395013384,1753.395151575,218,0
204,3641,1753.428355963,1753.428462731,218,0
205,3641,1753.461680734,1753.462471920,219,1
206,3641,1753.495007775,1753.495181004,219,0
207,3641,1753.528345739,1753.528487583,219,0
208,3641,1753.561684741,1753.562343735,220,1
209,3641,1753.595008974,1753.595144011,220,0
210,3641,1753.628351552,1753.628452667,220,0
211,3641,1753.661681016,1753.662334510,221,1
212,3641,1753.695002403,1753.695173517,221,0
213,3641,1753.728378905,1753.728512288,221,0
214,3641,1753.761682676,1753.762462438,222,1
215,3641,1753.795014140,1753.795142292,222,0
216,3641,1753.828372372,1753.828470294,222,0
217,3641,1753.861686528,1753.862342792,223,1
218,3641,1753.895185644,1753.895352566,223,0
219,3641,1753.928341110,1753.928472455,223,0
220,3641,1753.961678112,1753.962425720,224,1
221,3641,1753.995011806,1753.995139997,224,0
222,3641,1754.028346885,1754.028446576,224,0
223,3641,1754.061684541,1754.062459418,225,1
224,3641,1754.095018889,1754.095179657,225,0
225,3641,1754.128339122,1754.128468121,225,0
226,3641,1754.161679124,1754.162375810,226,1
227,3641,1754.195012703,1754.195135356,226,0
228,3641,1754.228344474,1754.228438973,226,0
229,3641,1754.261678746,1754.262346047,227,1
230,3641,1754.295022478,1754.295176785,227,0
231,3641,1754.328345942,1754.328468095,227,0
232,3641,1754.361682636,1754.362350822,228,1
233,3641,1754.395008446,1754.395130253,228,0
234,3641,1754.428419024,1754.428509600,228,0
235,3641,1754.461680296,1754.462350444,229,1
236,3641,1754.495012605,1754.495167758,229,0
237,3641,1754.528341876,1754.528459375,229,0
238,3641,1754.561802223,1754.562563870,230,1
239,3641,1754.595126379,1754.595215724,230,0
240,3641,1754.628343959,1754.628493380,230,0
241,3641,1754.661682306,1754.662331877,231,1
242,3641,1754.695042500,1754.695129115,231,0
243,3641,1754.728344810,1754.728491655,231,0
244,3641,1754.761680658,1754.762432343,232,1
245,3641,1754.795006275,1754.795091197,232,0
246,3641,1754.828347046,1754.828489737,232,0
247,3641,1754.861669355,1754.862402579,233,1
248,3641,1754.895118087,1754.895201086,233,0
249,3641,1754.928344205,1754.928485704,233,0
250,3641,1754.964055454,1754.964696256,234,1
251,3641,1754.995006862,1754.995089977,234,0
252,3641,1755.028344787,1755.028482670,234,0
253,3641,1755.061669558,1755.062423974,235,1
254,3641,1755.095010791,1755.095093021,235,0
255,3641,1755.128339677,1755.128476868,235,0
256,3641,1755.161684102,1755.162381865,236,1
257,3641,1755.195008334,1755.195090064,236,0
258,3641,1755.228340336,1755.228474873,236,0
259,3641,1755.261669338,1755.262300371,237,1
260,3641,1755.295015301,1755.295094877,237,0
261,3641,1755.328342149,1755.328476186,237,0
262,3641,1755.361671305,1755.362367606,238,1
263,3641,1755.395015729,1755.395093998,238,0
264,3641,1755.428363154,1755.428492845,238,0
265,3641,1755.461668579,1755.462357226,239,1
266,3641,1755.495009695,1755.495087079,239,0
267,3641,1755.528339274,1755.528468503,239,0
268,3641,1755.561727198,1755.562324846,240,1
269,3641,1755.595018777,1755.595096622,240,0
270,3641,1755.628346009,1755.628469623,240,0
271,3641,1755.664057873,1755.664735021,241,1
272,3641,1755.695006089,1755.695082973,241,0
273,3641,1755.728349398,1755.728483781,241,0
274,3641,1755.761680861,1755.763119578,242,1
275,3641,1755.795051900,1755.795123092,242,0
276,3641,1755.828361248,1755.828483516,242,0
277,3641,1755.861680173,1755.862285244,243,1
278,3641,1755.895105635,1755.895176596,243,0
279,3641,1755.928352445,1755.928472597,243,0
280,3641,1755.964056501,1755.964681880,244,1
281,3641,1755.995037563,1755.995110177,244,0
282,3641,1756.028367679,1756.028481217,244,0
283,3641,1756.065762490,1756.066503483,245,1
284,3641,1756.095014413,1756.095168373,245,0
285,3641,1756.128388184,1756.128502567,245,0
286,3641,1756.161681955,1756.162375756,246,1
287,3641,1756.195199185,1756.195407375,246,0
288,3641,1756.228347265,1756.228505918,246,0
289,3641,1756.261681613,1756.262352799,247,1
290,3641,1756.295007999,1756.295163344,247,0
291,3641,1756.328349385,1756.328464730,247,0
292,3641,1756.361683655,1756.362376841,248,1
293,3641,1756.395102387,1756.395290308,248,0
294,3641,1756.428337504,1756.428488080,248,0
295,3641,1756.461682736,1756.462371499,249,1
296,3641,1756.495102352,1756.495254043,249,0
297,3641,1756.528348815,1756.528458891,249,0
298,3641,1756.561679432,1756.562517809,250,1
299,3641,1756.596048885,1756.596237306,250,0
300,3641,1756.628341434,1756.628490740,250,0
301,3641,1756.661680512,1756.662501120,251,1
302,3641,1756.695010552,1756.695158589,251,0
303,3641,1756.728395668,1756.728505244,251,0
304,3641,1756.761680669,1756.762368663,252,1
305,3641,1756.795099016,1756.795281822,252,0
306,3641,1756.828340595,1756.828482401,252,0
307,3641,1756.861678596,1756.862349551,253,1
308,3641,1756.895177518,1756.895324325,253,0
309,3641,1756.928342059,1756.928450097,253,0
310,3641,1756.961673291,1756.961856790,253,0
311,3641,1756.995032561,1756.995215290,253,0
312,3641,1757.028348216,1757.028495600,253,0
313,3641,1757.061790063,1757.062445172,254,1
314,3641,1757.095007988,1757.095148025,254,0
315,3641,1757.128345297,1757.128450719,254,0
316,3641,1757.161678875,1757.162342638,256,1
317,3641,1757.195010260,1757.195187605,256,0
318,3641,1757.228351185,1757.228490568,256,0
319,3641,1757.261678109,1757.262442217,257,1
320,3641,1757.295105032,1757.295239839,257,0
321,3641,1757.328424572,1757.328527494,257,0
322,3641,1757.361681727,1757.362373221,258,1
323,3641,1757.395193958,1757.395367802,258,0
324,3641,1757.428342460,1757.428477113,258,0
325,3641,1757.461680230,1757.462361224,259,1
326,3641,1757.495117038,1757.495247421,259,0
327,3641,1757.528349117,1757.528447885,259,0
328,3641,1757.561682925,1757.562344034,260,1
329,3641,1757.595119925,1757.595285808,260,0
330,3641,1757.628345465,1757.628470425,260,0
331,3641,1757.661685658,1757.662446113,261,1
332,3641,1757.695106004,1757.695235542,261,0
333,3641,1757.728344352,1757.728439659,261,0
334,3641,1757.761675007,1757.762455115,262,1
335,3641,1757.795007661,1757.795166660,262,0
336,3641,1757.828343816,1757.828469815,262,0
337,3641,1757.861642625,1757.862277465,263,1
338,3641,1757.895016625,1757.895147470,263,0
339,3641,1757.928337703,1757.928435164,263,0
340,3641,1757.961682165,1757.962398005,264,1
341,3641,1757.995010320,1757.995166011,264,0
342,3641,1758.028340475,1758.028463320,264,0
343,3641,1758.062302046,1758.062972771,265,1
344,3641,1758.095016014,1758.095136783,265,0
345,3641,1758.128369592,1758.128459207,265,0
346,3641,1758.161679901,1758.162323279,266,1
347,3641,1758.195004748,1758.195156246,266,0
348,3641,1758.228343825,1758.228464132,266,0
349,3641,1758.261708595,1758.262431665,267,1
350,3641,1758.295099865,1758.295219017,267,0
351,3641,1758.328344712,1758.328433211,267,0
352,3641,1758.361674790,1758.362622051,268,1
353,3641,1758.395007906,1758.395152443,268,0
354,3641,1758.428435483,1758.428491406,268,0
355,3641,1758.461682600,1758.462356901,269,1
356,3641,1758.495019215,1758.495164099,269,0
357,3641,1758.528344908,1758.528402715,269,0
358,3641,1758.561678524,1758.562365518,270,1
359,3641,1758.595025178,1758.595166254,270,0
360,3641,1758.628348064,1758.628401332,270,0
361,3641,1758.661682372,1758.662320789,271,1
362,3641,1758.695013988,1758.695152063,271,0
363,3641,1758.728345142,1758.728400641,271,0
364,3641,1758.761680373,1758.762347405,272,1
365,3641,1758.795030912,1758.795166372,272,0
366,3641,1758.828359797,1758.828413143,272,0
367,3641,1758.861678644,1758.862360907,273,1
368,3641,1758.895008183,1758.895142797,273,0
369,3641,1758.928370798,1758.928426875,273,0
370,3641,1758.961681914,1758.962410215,274,1
371,3641,1758.995007761,1758.995140875,274,0
372,3641,1759.028419645,1759.028471222,274,0
373,3641,1759.061682993,1759.062359679,275,1
374,3641,1759.095018916,1759.095150838,275,0
375,3641,1759.128362878,1759.128413147,275,0
376,3641,1759.161726994,1759.162983174,276,1
377,3641,1759.195010456,1759.195140109,276,0
378,3641,1759.228351610,1759.228402918,276,0
379,3641,1759.261681957,1759.262338182,277,1
380,3641,1759.295111418,1759.295240263,277,0
381,3641,1759.328352035,1759.328402996,277,0
382,3641,1759.361683381,1759.362370644,278,1
383,3641,1759.395065381,1759.395190111,278,0
384,3641,1759.428348575,1759.428399074,278,0
385,3641,1759.461683575,1759.462394030,279,1
386,3641,1759.495006537,1759.495131458,279,0
387,3641,1759.528363075,1759.528412651,279,0
388,3641,1759.561734113,1759.562446760,280,1
389,3641,1759.595104921,1759.595227766,280,0
390,3641,1759.628340037,1759.628387652,280,0
391,3641,1759.661681076,1759.662329877,281,1
392,3641,1759.695004999,1759.695124921,281,0
393,3641,1759.728412306,1759.728462767,281,0
394,3641,1759.761679884,1759.762448415,282,1
395,3641,1759.795006692,1759.795206921,282,0
396,3641,1759.828346653,1759.828508344,282,0
397,3641,1759.861678884,1759.862440608,283,1
398,3641,1759.895005654,1759.895158114,283,0
399,3641,1759.928338500,1759.928455345,283,0
400,3641,1759.961670539,1759.962378609,284,1
401,3641,1759.995006885,1759.995198729,284,0
402,3641,1760.028383615,1760.028535460,284,0
403,3641,1760.064058171,1760.064832048,285,1
404,3641,1760.095013654,1760.095177422,285,0
405,3641,1760.128348385,1760.128461154,285,0
406,3641,1760.164048710,1760.164716204,286,1
407,3641,1760.195004193,1760.195187692,286,0
408,3641,1760.228348117,1760.228493692,286,0
409,3641,1760.261668117,1760.262317111,287,1
410,3641,1760.295012809,1760.295161308,287,0
411,3641,1760.328395617,1760.328506154,287,0
412,3641,1760.361669887,1760.362447456,288,1
413,3641,1760.395107193,1760.395292192,288,0
414,3641,1760.428337079,1760.428483732,288,0
415,3641,1760.461681579,1760.462470264,289,1
416,3641,1760.495094655,1760.495241153,289,0
417,3641,1760.528340194,1760.528453001,289,0
418,3641,1760.561681809,1760.562355841,290,1
419,3641,1760.595109654,1760.595288383,290,0
420,3641,1760.628337924,1760.628480769,290,0
421,3641,1760.661703616,1760.662396417,291,1
422,3641,1760.695013501,1760.695157384,291,0
423,3641,1760.728349154,1760.728455577,291,0
424,3641,1760.761677577,1760.762363109,292,1
425,3641,1760.795090384,1760.795267267,292,0
426,3641,1760.828347692,1760.828490230,292,0
427,3641,1760.861681961,1760.862320763,293,1
428,3641,1760.895138806,1760.895275574,293,0
429,3641,1760.928343961,1760.928446922,293,0
430,3641,1760.961679384,1760.962355647,294,1
431,3641,1760.995007499,1760.995181882,294,0
432,3641,1761.028478921,1761.028624497,294,0
433,3641,1761.061682037,1761.062368108,295,1
434,3641,1761.095006076,1761.095141536,295,0
435,3641,1761.128338537,1761.128439113,295,0
436,3641,1761.161682729,1761.162336185,296,1
437,3641,1761.195019883,1761.195186650,296,0
438,3641,1761.228349883,1761.228487804,296,0
439,3641,1761.261675690,1761.262316223,297,1
440,3641,1761.295097766,1761.295224111,297,0
441,3641,1761.328338575,1761.328438920,297,0
442,3641,1761.361857611,1761.362498644,298,1
443,3641,1761.395006382,1761.395173842,298,0
444,3641,1761.428346459,1761.428480957,298,0
445,3641,1761.461616420,1761.461779380,298,0
446,3641,1761.495006996,1761.495135610,298,0
447,3641,1761.528343880,1761.528442456,298,0
448,3641,1761.561678380,1761.561840571,298,0
449,3641,1761.594951957,1761.595119186,298,0
450,3641,1761.628349648,1761.628479839,298,0
451,3641,1761.661685801,1761.662455756,301,1
452,3641,1761.695104454,1761.695230722,301,0
453,3641,1761.728341954,1761.728436646,301,0
454,3641,1761.761681838,1761.762464600,302,1
455,3641,1761.795005146,1761.795158029,302,0
456,3641,1761.828339145,1761.828463221,302,0
457,3641,1761.861680298,1761.862337869,303,1
458,3641,1761.895015721,1761.895142566,303,0
459,3641,1761.928347259,1761.928438258,303,0
460,3641,1761.961678105,1761.962306791,304,1
461,3641,1761.995111373,1761.995263140,304,0
462,3641,1762.028367527,1762.028490295,304,0
463,3641,1762.061678103,1762.062326367,305,1
464,3641,1762.095114833,1762.095235639,305,0
465,3641,1762.128351487,1762.128443409,305,0
466,3641,1762.161680679,1762.162397941,306,1
467,3641,1762.195002217,1762.195149139,306,0
468,3641,1762.228345409,1762.228403600,306,0
469,3641,1762.261743792,1762.262584861,307,1
470,3641,1762.295113137,1762.295263175,307,0
471,3641,1762.328343138,1762.328399176,307,0
472,3641,1762.361681214,1762.362966664,308,1
473,3641,1762.395056983,1762.395197981,308,0
474,3641,1762.428344060,1762.428401559,308,0
475,3641,1762.461681713,1762.462369937,309,1
476,3641,1762.495023558,1762.495177095,309,0
477,3641,1762.528345134,1762.528401441,309,0
478,3641,1762.561680133,1762.562563240,310,1
479,3641,1762.595110170,1762.595419706,310,0
480,3641,1762.628347747,1762.628403016,310,0
481,3641,1762.661681400,1762.662358894,311,1
482,3641,1762.695061283,1762.695200359,311,0
483,3641,1762.728340860,1762.728393475,311,0
484,3641,1762.761715359,1762.762486852,312,1
485,3641,1762.795050897,1762.795188126,312,0
486,3641,1762.828336858,1762.828388819,312,0
487,3641,1762.861680703,1762.862316159,313,1
488,3641,1762.895002049,1762.895136201,313,0
489,3641,1762.928344201,1762.928396316,313,0
490,3641,1762.961677085,1762.962548039,314,1
491,3641,1762.995046661,1762.995178198,314,0
492,3641,1763.028342622,1763.028397083,314,0
493,3641,1763.061711890,1763.062359307,315,1
494,3641,1763.095036313,1763.095160542,315,0
495,3641,1763.128336235,1763.128386081,315,0
496,3641,1763.161703042,1763.162504034,316,1
497,3641,1763.195085194,1763.195217039,316,0
498,3641,1763.228343117,1763.228394771,316,0
499,3641,1763.261676694,1763.262288226,317,1
500,3641,1763.295005039,1763.295124730,317,0
501,3641,1763.328344538,1763.328393153,317,0
502,3641,1763.361678499,1763.362293647,318,1
503,3641,1763.395036844,1763.395163727,318,0
504,3641,1763.428335574,1763.428383843,318,0
505,3641,1763.461668496,1763.462268721,319,1
506,3641,1763.495167417,1763.495281839,319,0
507,3641,1763.528343071,1763.528390878,319,0
508,3641,1763.561697723,1763.563587437,320,1
509,3641,1763.595147106,1763.595339181,320,0
510,3641,1763.628336606,1763.628487720,320,0
511,3641,1763.661667143,1763.662362560,321,1
512,3641,1763.695116103,1763.695264563,321,0
513,3641,1763.728344757,1763.728459909,321,0
514,3641,1763.761673025,1763.763411239,322,1
515,3641,1763.795112484,1763.795305559,322,0
516,3641,1763.828346061,1763.828500290,322,0
517,3641,1763.861711098,1763.862897972,323,1
518,3641,1763.895086827,1763.895237249,323,0
519,3641,1763.928337250,1763.928449441,323,0
520,3641,1763.961675595,1763.961955939,323,0
521,3641,1763.995012132,1763.995203823,323,0
522,3641,1764.028341824,1764.028496707,323,0
523,3641,1764.061674322,1764.062466584,325,1
524,3641,1764.095011514,1764.095154743,325,0
525,3641,1764.128289205,1764.128399166,325,0
526,3641,1764.161677358,1764.162556965,326,1
527,3641,1764.195117202,1764.195302623,326,0
528,3641,1764.228341778,1764.228489277,326,0
529,3641,1764.261683547,1764.262364194,327,1
530,3641,1764.295010699,1764.295155852,327,0
531,3641,1764.328497851,1764.328606619,327,0
532,3641,1764.361685274,1764.361872311,327,0
533,3641,1764.395013927,1764.395194387,327,0
534,3641,1764.428373695,1764.428518578,327,0
535,3641,1764.461741077,1764.462543262,328,1
536,3641,1764.495141614,1764.495283959,328,0
537,3641,1764.528366844,1764.528471651,328,0
538,3641,1764.561679420,1764.562332991,330,1
539,3641,1764.595022803,1764.595195686,330,0
540,3641,1764.628338456,1764.628476147,330,0
541,3641,1764.661682723,1764.661854453,330,0
542,3641,1764.695011837,1764.695157336,330,0
543,3641,1764.728346451,1764.728447297,330,0
544,3641,1764.761682104,1764.762340098,332,1
545,3641,1764.795025756,1764.795200370,332,0
546,3641,1764.828337486,1764.828476600,332,0
547,3641,1764.861676023,1764.861851790,333,0
548,3641,1764.895010637,1764.895143135,333,0
549,3641,1764.928345904,1764.928445019,333,0
550,3641,1764.961681480,1764.962348858,334,1
551,3641,1764.995016786,1764.995179708,334,0
552,3641,1765.028343285,1765.028471668,334,0
553,3641,1765.061682976,1765.062406507,335,1
554,3641,1765.095023128,1765.095151050,335,0
555,3641,1765.128339896,1765.128437241,335,0
556,3641,1765.161676279,1765.162424195,336,1
557,3641,1765.195009201,1765.195167507,336,0
558,3641,1765.228339546,1765.228467121,336,0
559,3641,1765.261673621,1765.262297692,337,1
560,3641,1765.295007697,1765.295135349,337,0
561,3641,1765.328347618,1765.328441117,337,0
562,3641,1765.361701117,1765.362334841,338,1
563,3641,1765.395011192,1765.395165075,338,0
564,3641,1765.428382190,1765.428505766,338,0
565,3641,1765.464065744,1765.464703815,339,1
566,3641,1765.495013187,1765.495137340,339,0
567,3641,1765.528369378,1765.528461685,339,0
568,3641,1765.563448706,1765.563604397,339,0
569,3641,1765.595029874,1765.595180219,339,0
570,3641,1765.628345719,1765.628477218,339,0
571,3641,1765.661666333,1765.662265096,340,1
572,3641,1765.695008485,1765.695127291,340,0
573,3641,1765.728337752,1765.728428636,340,0
574,3641,1765.761712096,1765.762363475,342,1
575,3641,1765.795010826,1765.795157132,342,0
576,3641,1765.828337555,1765.828395016,342,0
577,3641,1765.864068646,1765.864727140,343,1
578,3641,1765.895015205,1765.895160665,343,0
579,3641,1765.928347588,1765.928406741,343,0
580,3641,1765.964060718,1765.964745558,344,1
581,3641,1765.995014392,1765.995159852,344,0
582,3641,1766.028339044,1766.028395582,344,0
583,3641,1766.061743350,1766.062419190,345,1
584,3641,1766.095011156,1766.095148694,345,0
585,3641,1766.128338001,1766.128395270,345,0
586,3641,1766.164061977,1766.164719355,346,1
587,3641,1766.195017882,1766.195159881,346,0
588,3641,1766.228337842,1766.228394187,346,0
589,3641,1766.261670840,1766.262464833,347,1
590,3641,1766.295018146,1766.295156183,347,0
591,3641,1766.328371529,1766.328426105,347,0
592,3641,1766.361684527,1766.362472289,348,1
593,3641,1766.395014949,1766.395152293,348,0
594,3641,1766.428398985,1766.428454369,348,0
595,3641,1766.461670060,1766.462458322,349,1
596,3641,1766.495009135,1766.495139711,349,0
597,3641,1766.528352594,1766.528404940,349,0
598,3641,1766.564064532,1766.564829717,350,1
599,3641,1766.595015167,1766.595141859,350,0
600,3641,1766.628353627,1766.628406049,350,0
601,3641,1766.664099141,1766.664868403,351,1
602,3641,1766.695010392,1766.695142391,351,0
603,3641,1766.728339352,1766.728392890,351,0
604,3641,1766.764063058,1766.764713283,352,1
605,3641,1766.795001963,1766.795127885,352,0
606,3641,1766.828338038,1766.828389537,352,0
607,3641,1766.861643382,1766.862289722,353,1
608,3641,1766.895005342,1766.895130840,353,0
609,3641,1766.928349224,1766.928400377,353,0
610,3641,1766.961705914,1766.962333947,354,1
611,3641,1766.995002528,1766.995124988,354,0
612,3641,1767.028344410,1767.028394679,354,0
613,3641,1767.061680485,1767.062323056,355,1
614,3641,1767.095038214,1767.095158751,355,0
615,3641,1767.128385096,1767.128433519,355,0
616,3641,1767.161675556,1767.162530817,356,1
617,3641,1767.195013323,1767.195133014,356,0
618,3641,1767.228344513,1767.228392475,356,0
619,3641,1767.261675665,1767.262416235,357,1
620,3641,1767.295012702,1767.295130739,357,0
621,3641,1767.328343430,1767.328393084,357,0
622,3641,1767.361676813,1767.362404768,358,1
623,3641,1767.395180156,1767.395299770,358,0
624,3641,1767.428424962,1767.428472539,358,0
625,3641,1767.461809498,1767.462490184,359,1
626,3641,1767.495016997,1767.495217264,359,0
627,3641,1767.528343148,1767.528500685,359,0
628,3641,1767.561681492,1767.562392716,360,1
629,3641,1767.595010066,1767.595165680,360,0
630,3641,1767.628346372,1767.628459371,360,0
631,3641,1767.661679369,1767.662879166,361,1
632,3641,1767.695015406,1767.695206981,361,0
633,3641,1767.728345134,1767.728495402,361,0
634,3641,1767.761667247,1767.763168310,362,1
635,3641,1767.795008168,1767.795215743,362,0
636,3641,1767.828344704,1767.828452703,362,0
637,3641,1767.861679855,1767.862382849,363,1
638,3641,1767.895186082,1767.895377696,363,0
639,3641,1767.928665656,1767.928811654,363,0
640,3641,1767.961681233,1767.962434418,364,1
641,3641,1767.995011538,1767.995157729,364,0
642,3641,1768.028369382,1768.028478266,364,0
643,3641,1768.061680918,1768.062734139,365,1
644,3641,1768.095041608,1768.095220645,365,0
645,3641,1768.128724641,1768.128872486,365,0
646,3641,1768.161678296,1768.162415751,366,1
647,3641,1768.195002217,1768.195138485,366,0
648,3641,1768.228342791,1768.228448483,366,0
649,3641,1768.261679020,1768.262349821,367,1
650,3641,1768.295169131,1768.295348014,367,0
651,3641,1768.328346477,1768.328490052,367,0
652,3641,1768.361680474,1768.362353468,368,1
653,3641,1768.395015049,1768.395306277,368,0
654,3641,1768.428344200,1768.428446546,368,0
655,3641,1768.461676582,1768.462743803,369,1
656,3641,1768.495007772,1768.495189001,369,0
657,3641,1768.528344346,1768.528484037,369,0
658,3641,1768.561676613,1768.562404683,370,1
659,3641,1768.595005803,1768.595142647,370,0
660,3641,1768.628344261,1768.628445299,370,0
661,3641,1768.661674490,1768.662422483,371,1
662,3641,1768.695114255,1768.695284869,371,0
663,3641,1768.728346907,1768.728480329,371,0
664,3641,1768.761680289,1768.762324668,372,1
665,3641,1768.795007364,1768.795237823,372,0
666,3641,1768.828362092,1768.828459014,372,0
667,3641,1768.861680358,1768.862419928,373,1
668,3641,1768.895105855,1768.895268661,373,0
669,3641,1768.928342468,1768.928481159,373,0
670,3641,1768.961679197,1768.962566611,374,1
671,3641,1768.995031732,1768.995154923,374,0
672,3641,1769.028343960,1769.028439960,374,0
673,3641,1769.061680150,1769.062413566,375,1
674,3641,1769.095004378,1769.095165223,375,0
675,3641,1769.128344799,1769.128469874,375,0
676,3641,1769.161679604,1769.162327252,376,1
677,3641,1769.195007755,1769.195129292,376,0
678,3641,1769.228344060,1769.228437251,376,0
679,3641,1769.261676750,1769.262341474,377,1
680,3641,1769.295004939,1769.295158169,377,0
681,3641,1769.328600704,1769.328724433,377,0
682,3641,1769.361682126,1769.362352774,378,1
683,3641,1769.395008008,1769.395129046,378,0
684,3641,1769.428335621,1769.428427774,378,0
685,3641,1769.461702002,1769.462340535,379,1
686,3641,1769.495014423,1769.495162075,379,0
687,3641,1769.528343651,1769.528519803,379,0
688,3641,1769.561679378,1769.562352141,380,1
689,3641,1769.594963030,1769.595051298,380,0
690,3641,1769.628481256,1769.628640408,380,0
691,3641,1769.670367904,1769.671053398,381,1
692,3641,1769.695047020,1769.695103481,381,0
693,3641,1769.728338941,1769.728487747,381,0
694,3641,1769.764059377,1769.764829908,382,1
695,3641,1769.795184895,1769.795271894,382,0
696,3641,1769.828343355,1769.828486700,382,0
697,3641,1769.861696698,1769.862798342,383,1
698,3641,1769.895014811,1769.895100233,383,0
699,3641,1769.928343231,1769.928483152,383,0
700,3641,1769.961680920,1769.962302799,384,1
701,3641,1769.995065494,1769.995147916,384,0
702,3641,1770.028336260,1770.028480144,384,0
703,3641,1770.061671027,1770.062287444,385,1
704,3641,1770.095008408,1770.095095446,385,0
705,3641,1770.128350444,1770.128496519,385,0
706,3641,1770.161675402,1770.162791161,386,1
707,3641,1770.195040053,1770.195125437,386,0
708,3641,1770.228350973,1770.228494818,386,0
709,3641,1770.261722047,1770.262343426,387,1
710,3641,1770.295013468,1770.295096274,387,0
711,3641,1770.328346426,1770.328480233,387,0
712,3641,1770.361679615,1770.362535954,388,1
713,3641,1770.395006766,1770.395092112,388,0
714,3641,1770.428346917,1770.428489685,388,0
715,3641,1770.461677568,1770.462733366,389,1
716,3641,1770.495096218,1770.495177948,389,0
717,3641,1770.528338869,1770.528480060,389,0
718,3641,1770.561699635,1770.562505781,390,1
719,3641,1770.595004709,1770.595088285,390,0
720,3641,1770.628337206,1770.628477243,390,0
721,3641,1770.661674702,1770.662285504,391,1
722,3641,1770.695008353,1770.695087583,391,0
723,3641,1770.728338427,1770.728470925,391,0
724,3641,1770.761679577,1770.762532915,392,1
725,3641,1770.795007958,1770.795090381,392,0
726,3641,1770.828338263,1770.828472569,392,0
727,3641,1770.861673529,1770.862281908,393,1
728,3641,1770.895121525,1770.895202062,393,0
729,3641,1770.928382060,1770.928513828,393,0
730,3641,1770.961679981,1770.962274167,394,1
731,3641,1770.995022823,1770.995102746,394,0
732,3641,1771.028349397,1771.028477627,394,0
733,3641,1771.061695740,1771.062802960,395,1
734,3641,1771.095009891,1771.095090390,395,0
735,3641,1771.128341964,1771.128472848,395,0
736,3641,1771.161682153,1771.162303263,396,1
737,3641,1771.195013535,1771.195091688,396,0
738,3641,1771.228343878,1771.228471646,396,0
739,3641,1771.261682144,1771.262291100,397,1
740,3641,1771.295011102,1771.295087755,397,0
741,3641,1771.328340406,1771.328472713,397,0
742,3641,1771.361676672,1771.362294436,398,1
743,3641,1771.395017400,1771.395092245,398,0
744,3641,1771.428350397,1771.428478280,398,0
745,3641,1771.461679124,1771.462422386,399,1
746,3641,1771.495106773,1771.495179273,399,0
747,3641,1771.528342155,1771.528465500,399,0
748,3641,1771.561682421,1771.562285877,400,1
749,3641,1771.595107224,1771.595181108,400,0
750,3641,1771.628354183,1771.628477297,400,0
751,3641,1771.661677949,1771.662373404,401,1
752,3641,1771.695006638,1771.695079406,401,0
753,3641,1771.728357634,1771.728475710,401,0
754,3641,1771.761686130,1771.762517007,402,1
755,3641,1771.795100241,1771.795173318,402,0
756,3641,1771.828393431,1771.828508891,402,0
757,3641,1771.861680850,1771.862471651,403,1
758,3641,1771.895003616,1771.895158653,403,0
759,3641,1771.928336190,1771.928453727,403,0
760,3641,1771.961681071,1771.962568408,404,1
761,3641,1771.995024682,1771.995220104,404,0
762,3641,1772.028336141,1772.028496793,404,0
763,3641,1772.061672983,1772.062339938,405,1
764,3641,1772.095037518,1772.095189978,405,0
765,3641,1772.128344630,1772.128458436,405,0
766,3641,1772.161681588,1772.162347312,406,1
767,3641,1772.195026661,1772.195216198,406,0
768,3641,1772.228354042,1772.228507271,406,0
769,3641,1772.261678039,1772.262548107,407,1
770,3641,1772.295093111,1772.295242918,407,0
771,3641,1772.328346570,1772.328459338,407,0
772,3641,1772.361684259,1772.362635827,408,1
773,3641,1772.395042793,1772.395231292,408,0
774,3641,1772.428380444,1772.428532404,408,0
775,3641,1772.461681902,1772.462487933,409,1
776,3641,1772.495004129,1772.495155050,409,0
777,3641,1772.528338856,1772.528450201,409,0
778,3641,1772.561685236,1772.562366999,410,1
779,3641,1772.595145039,1772.595334345,410,0
780,3641,1772.628337421,1772.628488343,410,0
781,3641,1772.661679879,1772.662333488,411,1
782,3641,1772.695005798,1772.695154681,411,0
783,3641,1772.728344025,1772.728455485,411,0
784,3641,1772.761683252,1772.762349745,412,1
785,3641,1772.795007709,1772.795292207,412,0
786,3641,1772.828350936,1772.828511473,412,0
787,3641,1772.861681202,1772.862329349,413,1
788,3641,1772.895100158,1772.895245619,413,0
789,3641,1772.928359232,1772.928470770,413,0
790,3641,1772.964065360,1772.965087620,414,1
791,3641,1772.995001456,1772.995175262,414,0
792,3641,1773.028363259,1773.028504565,414,0
793,3641,1773.061670255,1773.062537478,415,1
794,3641,1773.095002598,1773.095141750,415,0
795,3641,1773.128343132,1773.128446478,415,0
796,3641,1773.161675205,1773.162334353,416,1
797,3641,1773.195002279,1773.195182238,416,0
798,3641,1773.228338890,1773.228477773,416,0
799,3641,1773.261668309,1773.262484802,417,1
800,3641,1773.295042536,1773.295179381,417,0
801,3641,1773.328344071,1773.328446877,417,0
802,3641,1773.361670105,1773.362484367,418,1
803,3641,1773.395040447,1773.395211792,418,0
804,3641,1773.428344175,1773.428479058,418,0
805,3641,1773.461672901,1773.462523932,419,1
806,3641,1773.495004512,1773.495135704,419,0
807,3641,1773.528354431,1773.528452700,419,0
808,3641,1773.561682466,1773.562366536,420,1
809,3641,1773.595087268,1773.595256536,420,0
810,3641,1773.628513263,1773.628648570,420,0
811,3641,1773.661683299,1773.662374062,421,1
812,3641,1773.695008757,1773.695139756,421,0
813,3641,1773.728365599,1773.728463098,421,0
814,3641,1773.761682171,1773.762656778,422,1
815,3641,1773.795007398,1773.795171858,422,0
816,3641,1773.828346086,1773.828477047,422,0
817,3641,1773.861703543,1773.862338499,423,1
818,3641,1773.895004117,1773.895129154,423,0
819,3641,1773.928348035,1773.928443073,423,0
820,3641,1773.961680993,1773.962310371,424,1
821,3641,1773.995124603,1773.995286101,424,0
822,3641,1774.028373561,1774.028502483,424,0
823,3641,1774.061682442,1774.062405589,425,1
824,3641,1774.095003476,1774.095129360,425,0
825,3641,1774.128349203,1774.128441740,425,0
826,3641,1774.161685814,1774.162400538,426,1
827,3641,1774.195011964,1774.195168462,426,0
828,3641,1774.228338729,1774.228464420,426,0
829,3641,1774.261684455,1774.262400333,427,1
830,3641,1774.295016374,1774.295138681,427,0
831,3641,1774.328354024,1774.328444985,427,0
832,3641,1774.361684289,1774.362317475,428,1
833,3641,1774.395178514,1774.395329667,428,0
834,3641,1774.428343127,1774.428459472,428,0
835,3641,1774.461679892,1774.462300540,429,1
836,3641,1774.495012810,1774.495114194,429,0
837,3641,1774.528340191,1774.528486266,429,0
838,3641,1774.564057548,1774.564792388,430,1
839,3641,1774.595011874,1774.595099719,430,0
840,3641,1774.628337985,1774.628482137,430,0
841,3641,1774.661680096,1774.662313705,431,1
842,3641,1774.695094706,1774.695177936,431,0
843,3641,1774.728336433,1774.728479778,431,0
844,3641,1774.761679159,1774.762269808,432,1
845,3641,1774.795004963,1774.795087731,432,0
846,3641,1774.828346227,1774.828488803,432,0
847,3641,1774.861675954,1774.862283217,433,1
848,3641,1774.895005180,1774.895086718,433,0
849,3641,1774.928337983,1774.928477559,433,0
850,3641,1774.961693863,1774.962301165,434,1
851,3641,1774.995016590,1774.995097897,434,0
852,3641,1775.028351393,1775.028485738,434,0
853,3641,1775.061676658,1775.062812340,435,1
854,3641,1775.095010538,1775.095091691,435,0
855,3641,1775.128495417,1775.128628685,435,0
856,3641,1775.161678952,1775.162285600,436,1
857,3641,1775.195012255,1775.195090409,436,0
858,3641,1775.228426366,1775.228557480,436,0
859,3641,1775.261680439,1775.262309894,437,1
860,3641,1775.295111664,1775.295192394,437,0
861,3641,1775.328371545,1775.328502544,437,0
862,3641,1775.361678387,1775.362294766,438,1
863,3641,1775.395021113,1775.395143881,438,0
864,3641,1775.428342186,1775.428468492,438,0
865,3641,1775.461689527,1775.462273945,439,1
866,3641,1775.495006061,1775.495083291,439,0
867,3641,1775.528343748,1775.528474555,439,0
868,3641,1775.561673359,1775.562260892,440,1
869,3641,1775.595023854,1775.595099200,440,0
870,3641,1775.628344157,1775.628466310,440,0
871,3641,1775.661676768,1775.662247724,441,1
872,3641,1775.695096224,1775.695170339,441,0
873,3641,1775.728347682,1775.728471065,441,0
874,3641,1775.761677908,1775.762274863,442,1
875,3641,1775.795013172,1775.795086056,442,0
876,3641,1775.828340667,1775.828455974,442,0
877,3641,1775.861677393,1775.862319310,443,1
878,3641,1775.895007350,1775.895156233,443,0
879,3641,1775.928344615,1775.928453998,443,0
880,3641,1775.972087397,1775.974009340,444,1
881,3641,1775.995014259,1775.995193142,444,0
882,3641,1776.028338639,1776.028486868,444,0
883,3641,1776.061669134,1776.062416819,445,1
884,3641,1776.095014206,1776.095154243,445,0
885,3641,1776.128423470,1776.128531584,445,0
886,3641,1776.161672274,1776.162560112,446,1
887,3641,1776.195018307,1776.195201152,446,0
888,3641,1776.228350341,1776.228498263,446,0
889,3641,1776.264884537,1776.265646953,447,1
890,3641,1776.295015024,1776.295237214,447,0
891,3641,1776.328343596,1776.328448557,447,0
892,3641,1776.370760275,1776.371786650,448,1
893,3641,1776.395018625,1776.395121739,448,0
894,3641,1776.428344966,1776.428492580,448,0
895,3641,1776.461679538,1776.462349801,449,1
896,3641,1776.495056610,1776.495201416,449,0
897,3641,1776.528339836,1776.528445797,449,0
898,3641,1776.561680177,1776.562393055,450,1
899,3641,1776.595041979,1776.595219285,450,0
900,3641,1776.628436397,1776.628575357,450,0
901,3641,1776.661674816,1776.662371002,451,1
902,3641,1776.695098233,1776.695237424,451,0
903,3641,1776.728344690,1776.728446459,451,0
904,3641,1776.761681031,1776.762364217,452,1
905,3641,1776.795038411,1776.795208948,452,0
906,3641,1776.828414905,1776.828554019,452,0
907,3641,1776.861678516,1776.862410856,453,1
908,3641,1776.895043203,1776.895179779,453,0
909,3641,1776.928341122,1776.928439967,453,0
910,3641,1776.961672886,1776.962371418,454,1
911,3641,1776.995030688,1776.995199687,454,0
912,3641,1777.028344876,1777.028480644,454,0
913,3641,1777.061671025,1777.062398556,455,1
914,3641,1777.095047635,1777.095183864,455,0
915,3641,1777.128343399,1777.128444052,455,0
916,3641,1777.161682471,1777.162335080,456,1
917,3641,1777.195010427,1777.195186503,456,0
918,3641,1777.228627035,1777.228759342,456,0
919,3641,1777.261678071,1777.262396488,457,1
920,3641,1777.295010835,1777.295143065,457,0
921,3641,1777.328350715,1777.328448291,457,0
922,3641,1777.361681364,1777.362441626,458,1
923,3641,1777.395007782,1777.395171280,458,0
924,3641,1777.428437891,1777.428574236,458,0
925,3641,1777.461679964,1777.462435918,459,1
926,3641,1777.495088188,1777.495214841,459,0
927,3641,1777.528347453,1777.528439106,459,0
928,3641,1777.561680832,1777.562345134,460,1
929,3641,1777.595152287,1777.595310940,460,0
930,3641,1777.628349206,1777.628476397,460,0
931,3641,1777.661708431,1777.662368194,461,1
932,3641,1777.695010965,1777.695134656,461,0
933,3641,1777.728315344,1777.728407305,461,0
934,3641,1777.761682223,1777.762460178,462,1
935,3641,1777.795008757,1777.795162370,462,0
936,3641,1777.828342944,1777.828475788,462,0
937,3641,1777.861685553,1777.862332009,463,1
938,3641,1777.895051202,1777.895176431,463,0
939,3641,1777.928445157,1777.928538387,463,0
940,3641,1777.961680230,1777.962340416,464,1
941,3641,1777.995040301,1777.995188838,464,0
942,3641,1778.028350604,1778.028475372,464,0
943,3641,1778.061731559,1778.062390553,465,1
944,3641,1778.095011516,1778.095130092,465,0
945,3641,1778.128344280,1778.128437664,465,0
946,3641,1778.161678813,1778.162418152,466,1
947,3641,1778.195014731,1778.195167383,466,0
948,3641,1778.228339803,1778.228464263,466,0
949,3641,1778.261677759,1778.262372483,467,1
950,3641,1778.295014907,1778.295133983,467,0
951,3641,1778.328345248,1778.328438093,467,0
952,3641,1778.361677935,1778.362322621,468,1
953,3641,1778.395094544,1778.395258274,468,0
954,3641,1778.428338655,1778.428395155,468,0
955,3641,1778.461677957,1778.462330336,469,1
956,3641,1778.495014875,1778.495171758,469,0
957,3641,1778.528339946,1778.528399792,469,0
958,3641,1778.561679902,1778.562335280,470,1
959,3641,1778.595012165,1778.595170741,470,0
960,3641,1778.628338006,1778.628395813,470,0
961,3641,1778.661682231,1778.662341225,471,1
962,3641,1778.695011456,1778.695153224,471,0
963,3641,1778.728339874,1778.728396835,471,0
964,3641,1778.761679214,1778.762320054,472,1
965,3641,1778.795004709,1778.795143900,472,0
966,3641,1778.828291473,1778.828348818,472,0
967,3641,1778.861710005,1778.862405767,473,1
968,3641,1778.895007653,1778.895157036,473,0
969,3641,1778.928339032,1778.928392686,473,0
970,3641,1778.961701219,1778.962443673,474,1
971,3641,1778.995018021,1778.995158904,474,0
972,3641,1779.028384130,1779.028439130,474,0
973,3641,1779.061681240,1779.062439387,475,1
974,3641,1779.095014850,1779.095149272,475,0
975,3641,1779.128342575,1779.128396575,475,0
976,3641,1779.161692416,1779.162426486,476,1
977,3641,1779.195016987,1779.195153678,476,0
978,3641,1779.228344558,1779.228401212,476,0
979,3641,1779.261677207,1779.262342893,477,1
980,3641,1779.295009240,1779.295144123,477,0
981,3641,1779.328341542,1779.328393733,477,0
982,3641,1779.361718151,1779.362403837,478,1
983,3641,1779.395006915,1779.395141760,478,0
984,3641,1779.428341871,1779.428396063,478,0
985,3641,1779.461674019,1779.461841479,478,0
986,3641,1779.495236049,1779.495372625,478,0
987,3641,1779.528484044,1779.528538120,478,0
988,3641,1779.561678770,1779.562327226,479,1
989,3641,1779.595010649,1779.595145955,479,0
990,3641,1779.628404950,1779.628457334,479,0
991,3641,1779.661686175,1779.662450168,481,1
992,3641,1779.695020516,1779.695160284,481,0
993,3641,1779.728343856,1779.728404971,481,0
994,3641,1779.761683273,1779.762349728,482,1
995,3641,1779.795033613,1779.795168381,482,0
996,3641,1779.828344915,1779.828398722,482,0
997,3641,1779.861937061,1779.862091175,482,0
998,3641,1779.895520975,1779.895651436,482,0
999,3641,1779.928336974,1779.928390897,482,0
1000,3641,1779.961676776,1779.962311809,485,1
1001,3641,1779.995010655,1779.995138423,485,0
1002,3641,1780.028350918,1780.028405379,485,0
1003,3641,1780.061683528,1780.061839641,485,0
1004,3641,1780.095027060,1780.095162405,485,0
1005,3641,1780.128340593,1780.128392361,485,0
1006,3641,1780.161683202,1780.162311542,486,1
1007,3641,1780.195147887,1780.195249540,486,0
1008,3641,1780.228366190,1780.228485766,486,0
1009,3641,1780.261681107,1780.261882259,486,0
1010,3641,1780.295019255,1780.295219369,486,0
1011,3641,1780.328358442,1780.328512671,486,0
1012,3641,1780.361684359,1780.362427352,488,1
1013,3641,1780.395019507,1780.395177967,488,0
1014,3641,1780.428344770,1780.428463769,488,0
1015,3641,1780.461685956,1780.462402603,489,1
1016,3641,1780.495014527,1780.495208256,489,0
1017,3641,1780.528353328,1780.528512404,489,0
1018,3641,1780.561785129,1780.562491353,490,1
1019,3641,1780.595017893,1780.595170891,490,0
1020,3641,1780.628338348,1780.628453616,490,0
1021,3641,1780.661681150,1780.662387951,491,1
1022,3641,1780.695018336,1780.695215911,491,0
1023,3641,1780.728349599,1780.728504828,491,0
1024,3641,1780.761681285,1780.762381778,492,1
1025,3641,1780.795005817,1780.795154547,492,0
1026,3641,1780.828353542,1780.828462848,492,0
1027,3641,1780.861675920,1780.862353221,493,1
1028,3641,1780.895015260,1780.895207797,493,0
1029,3641,1780.928350561,1780.928503752,493,0
1030,3641,1780.961650940,1780.962372664,494,1
1031,3641,1780.995006011,1780.995158317,494,0
1032,3641,1781.028350004,1781.028461465,494,0
1033,3641,1781.061682190,1781.062373492,495,1
1034,3641,1781.095007723,1781.095200413,495,0
1035,3641,1781.128339986,1781.128487792,495,0
1036,3641,1781.161677787,1781.162462972,496,1
1037,3641,1781.195047050,1781.195201164,496,0
1038,3641,1781.228343083,1781.228453082,496,0
1039,3641,1781.261680961,1781.262472338,497,1
1040,3641,1781.295009262,1781.295198338,497,0
1041,3641,1781.328336833,1781.328489909,497,0
1042,3641,1781.361679827,1781.362440435,498,1
1043,3641,1781.395015705,1781.395164204,498,0
1044,3641,1781.428339661,1781.428451083,498,0
1045,3641,1781.461675000,1781.462384571,499,1
1046,3641,1781.495016032,1781.495203992,499,0
1047,3641,1781.528349872,1781.528498717,499,0
1048,3641,1781.561678596,1781.562332859,500,1
1049,3641,1781.595021705,1781.595169011,500,0
1050,3641,1781.628338583,1781.628448736,500,0
1051,3641,1781.661677615,1781.662366224,501,1
1052,3641,1781.695014762,1781.695202299,501,0
1053,3641,1781.728343371,1781.728492062,501,0
1054,3641,1781.761675173,1781.762452165,502,1
1055,3641,1781.795010051,1781.795153203,502,0
1056,3641,1781.828405044,1781.828513273,502,0
1057,3641,1781.861682499,1781.862357762,503,1
1058,3641,1781.895099569,1781.895282913,503,0
1059,3641,1781.928398639,1781.928548407,503,0
1060,3641,1781.967903575,1781.968605530,504,1
1061,3641,1781.995013512,1781.995161972,504,0
1062,3641,1782.028344082,1782.028451504,504,0
1063,3641,1782.061696114,1782.062556606,505,1
1064,3641,1782.095104107,1782.095293182,505,0
1065,3641,1782.128337986,1782.128490177,505,0
1066,3641,1782.161727440,1782.162460972,506,1
1067,3641,1782.195018434,1782.195162817,506,0
1068,3641,1782.228340658,1782.228446888,506,0
1069,3641,1782.261676229,1782.262333107,507,1
1070,3641,1782.295008992,1782.295193682,507,0
1071,3641,1782.328330370,1782.328480791,507,0
1072,3641,1782.361679017,1782.362415702,508,1
1073,3641,1782.395109356,1782.395256008,508,0
1074,3641,1782.428400850,1782.428506733,508,0
1075,3641,1782.461675151,1782.462330299,509,1
1076,3641,1782.495001990,1782.495176220,509,0
1077,3641,1782.528345945,1782.528482598,509,0
1078,3641,1782.561676400,1782.562344586,510,1
1079,3641,1782.595002355,1782.595139200,510,0
1080,3641,1782.628346502,1782.628445808,510,0
1081,3641,1782.661682764,1782.662372873,511,1
1082,3641,1782.695017565,1782.695187602,511,0
1083,3641,1782.728378981,1782.728516634,511,0
1084,3641,1782.761674205,1782.762417583,512,1
1085,3641,1782.795015160,1782.795149389,512,0
1086,3641,1782.828337807,1782.828438999,512,0
1087,3641,1782.861668031,1782.862328333,513,1
1088,3641,1782.895005063,1782.895176715,513,0
1089,3641,1782.928339056,1782.928476209,513,0
1090,3641,1782.964059604,1782.964869981,514,1
1091,3641,1782.995080888,1782.995214617,514,0
1092,3641,1783.028342997,1783.028444804,514,0
1093,3641,1783.061634991,1783.062329907,515,1
1094,3641,1783.095103252,1783.095359942,515,0
1095,3641,1783.128343092,1783.128477706,515,0
1096,3641,1783.161668585,1783.162344502,516,1
1097,3641,1783.195098155,1783.195225730,516,0
1098,3641,1783.228343687,1783.228442840,516,0
1099,3641,1783.261669488,1783.262419404,517,1
1100,3641,1783.295094327,1783.295263287,517,0
1101,3641,1783.328377513,1783.328508973,517,0
1102,3641,1783.361684083,1783.362461037,518,1
1103,3641,1783.395073537,1783.395197536,518,0
1104,3641,1783.428395569,1783.428491414,518,0
1105,3641,1783.461685101,1783.462955666,519,1
1106,3641,1783.495162785,1783.495327398,519,0
1107,3641,1783.528338894,1783.528518700,519,0
1108,3641,1783.561679310,1783.562454957,520,1
1109,3641,1783.595089533,1783.595212301,520,0
1110,3641,1783.628343335,1783.628436795,520,0
1111,3641,1783.661758904,1783.662773933,521,1
1112,3641,1783.695088512,1783.695301549,521,0
1113,3641,1783.728352467,1783.728476928,521,0
1114,3641,1783.761713844,1783.762461414,522,1
1115,3641,1783.795170529,1783.795289258,522,0
1116,3641,1783.828342561,1783.828435291,522,0
1117,3641,1783.861670401,1783.862760390,523,1
1118,3641,1783.895154123,1783.895306314,523,0
1119,3641,1783.928342694,1783.928464270,523,0
1120,3641,1783.961666533,1783.962293835,524,1
1121,3641,1783.995159640,1783.995277600,524,0
1122,3641,1784.028345442,1784.028435287,524,0
1123,3641,1784.061668243,1784.062376736,525,1
1124,3641,1784.095157926,1784.095300194,525,0
1125,3641,1784.128349575,1784.128406305,525,0
1126,3641,1784.161682337,1784.162474406,526,1
1127,3641,1784.195021291,1784.195301442,526,0
1128,3641,1784.228337323,1784.228395438,526,0
1129,3641,1784.264938900,1784.265116475,527,0
1130,3641,1784.295002809,1784.295144115,527,0
1131,3641,1784.328414993,1784.328469646,527,0
1132,3641,1784.364054272,1784.364724842,528,1
1133,3641,1784.395025326,1784.395161863,528,0
1134,3641,1784.428353280,1784.428409856,528,0
1135,3641,1784.461854925,1784.463262912,529,1
1136,3641,1784.495041650,1784.495175687,529,0
1137,3641,1784.528349373,1784.528406257,529,0
1138,3641,1784.564071266,1784.564274341,529,0
1139,3641,1784.595010243,1784.595191780,529,0
1140,3641,1784.628338467,1784.628392774,529,0
1141,3641,1784.661687959,1784.662732795,531,1
1142,3641,1784.695164643,1784.695301526,531,0
1143,3641,1784.728341906,1784.728394906,531,0
1144,3641,1784.761683899,1784.762340392,532,1
1145,3641,1784.795060276,1784.795188159,532,0
1146,3641,1784.828350922,1784.828404691,532,0
1147,3641,1784.861707184,1784.862398101,533,1
1148,3641,1784.895002523,1784.895128791,533,0
1149,3641,1784.928347593,1784.928398900,533,0
1150,3641,1784.961670162,1784.962287349,534,1
1151,3641,1784.995002155,1784.995126423,534,0
1152,3641,1785.028478992,1785.028529069,534,0
1153,3641,1785.061679140,1785.062517286,535,1
1154,3641,1785.095004748,1785.095171208,535,0
1155,3641,1785.128365241,1785.128416163,535,0
1156,3641,1785.161668926,1785.162393111,536,1
1157,3641,1785.195092879,1785.195216224,536,0
1158,3641,1785.228365526,1785.228416449,536,0
1159,3641,1785.261674865,1785.262856585,537,1
1160,3641,1785.295029742,1785.295143972,537,0
1161,3641,1785.328338735,1785.328386619,537,0
1162,3641,1785.361713535,1785.362451220,538,1
1163,3641,1785.395132950,1785.395251218,538,0
1164,3641,1785.428350328,1785.428397943,538,0
1165,3641,1785.461670205,1785.462397506,539,1
1166,3641,1785.495011659,1785.495212388,539,0
1167,3641,1785.528343382,1785.528503650,539,0
1168,3641,1785.561669644,1785.562397483,540,1
1169,3641,1785.595198673,1785.595354018,540,0
1170,3641,1785.628331052,1785.628444705,540,0
1171,3641,1785.664080252,1785.664932129,541,1
1172,3641,1785.695008806,1785.695204496,541,0
1173,3641,1785.728342990,1785.728495335,541,0
1174,3641,1785.761669406,1785.762373514,542,1
1175,3641,1785.795003475,1785.795153281,542,0
1176,3641,1785.828350467,1785.828466043,542,0
1177,3641,1785.861669075,1785.862370568,543,1
1178,3641,1785.895100259,1785.895285065,543,0
1179,3641,1785.928349867,1785.928498597,543,0
1180,3641,1785.961671091,1785.962436622,544,1
1181,3641,1785.995095505,1785.995243235,544,0
1182,3641,1786.028342960,1786.028457113,544,0
1183,3641,1786.061682875,1786.062352254,545,1
1184,3641,1786.095027752,1786.095216712,545,0
1185,3641,1786.128344398,1786.128493166,545,0
1186,3641,1786.161669199,1786.162595921,546,1
1187,3641,1786.195107459,1786.195253342,546,0
1188,3641,1786.228347375,1786.228456336,546,0
1189,3641,1786.261889020,1786.262127633,546,0
1190,3641,1786.295011052,1786.295194589,546,0
1191,3641,1786.328346814,1786.328490313,546,0
1192,3641,1786.361670153,1786.363079562,548,1
1193,3641,1786.395137298,1786.395278604,548,0
1194,3641,1786.428344253,1786.428450444,548,0
1195,3641,1786.461679552,1786.462377815,549,1
1196,3641,1786.495008621,1786.495197197,549,0
1197,3641,1786.528345844,1786.528487997,549,0
1198,3641,1786.561676606,1786.562421945,550,1
1199,3641,1786.595009213,1786.595147904,550,0
1200,3641,1786.628338205,1786.628442204,550,0
1201,3641,1786.661680043,1786.662325576,551,1
1202,3641,1786.695018458,1786.695191226,551,0
1203,3641,1786.728340258,1786.728479834,551,0
1204,3641,1786.761672173,1786.762309398,552,1
1205,3641,1786.795014435,1786.795151933,552,0
1206,3641,1786.828347657,1786.828450772,552,0
1207,3641,1786.861682649,1786.862323566,553,1
1208,3641,1786.895017488,1786.895189409,553,0
1209,3641,1786.928436479,1786.928572170,553,0
1210,3641,1786.961682510,1786.962310389,554,1
1211,3641,1786.995017118,1786.995147078,554,0
1212,3641,1787.028507224,1787.028609415,554,0
1213,3641,1787.061676794,1787.061847677,554,0
1214,3641,1787.095007440,1787.095182438,554,0
1215,3641,1787.128342394,1787.128481508,554,0
1216,3641,1787.161678732,1787.162317880,555,1
1217,3641,1787.195008647,1787.195144261,555,0
1218,3641,1787.228338024,1787.228435100,555,0
1219,3641,1787.261793322,1787.262442316,557,1
1220,3641,1787.295017585,1787.295179199,557,0
1221,3641,1787.328346884,1787.328475114,557,0
1222,3641,1787.361681723,1787.362430869,558,1
1223,3641,1787.395014792,1787.395141329,558,0
1224,3641,1787.428347284,1787.428443014,558,0
1225,3641,1787.461679506,1787.462366577,559,1
1226,3641,1787.495015806,1787.495174727,559,0
1227,3641,1787.528339798,1787.528465604,559,0
1228,3641,1787.561678520,1787.562379129,560,1
1229,3641,1787.595017281,1787.595138088,560,0
1230,3641,1787.628345542,1787.628437349,560,0
1231,3641,1787.661686034,1787.662356758,561,1
1232,3641,1787.695005757,1787.695162370,561,0
1233,3641,1787.728348479,1787.728472439,561,0
1234,3641,1787.764053025,1787.764682635,562,1
1235,3641,1787.795019039,1787.795138308,562,0
1236,3641,1787.828345801,1787.828446453,562,0
1237,3641,1787.861672062,1787.862337440,563,1
1238,3641,1787.895017092,1787.895163590,563,0
1239,3641,1787.928300853,1787.928420929,563,0
1240,3641,1787.972063477,1787.972774893,564,1
1241,3641,1787.995016336,1787.995104759,564,0
1242,3641,1788.028346174,1788.028436981,564,0
1243,3641,1788.061669666,1788.062366198,565,1
1244,3641,1788.095115695,1788.095260809,565,0
1245,3641,1788.128344996,1788.128400841,565,0
1246,3641,1788.172069466,1788.172847882,566,1
1247,3641,1788.195000864,1788.195146555,566,0
1248,3641,1788.228422355,1788.228477854,566,0
1249,3641,1788.264063517,1788.264743934,567,1
1250,3641,1788.295016762,1788.295158761,567,0
1251,3641,1788.328348446,1788.328401715,567,0
1252,3641,1788.361669631,1788.362411085,568,1
1253,3641,1788.394994199,1788.395135967,568,0
1254,3641,1788.428341922,1788.428395729,568,0
1255,3641,1788.461670259,1788.462427791,569,1
1256,3641,1788.495013597,1788.495151711,569,0
1257,3641,1788.528346050,1788.528401242,569,0
1258,3641,1788.564123634,1788.564864781,570,1
1259,3641,1788.595008918,1788.595144455,570,0
1260,3641,1788.628359601,1788.628412793,570,0
1261,3641,1788.661670324,1788.662431547,571,1
1262,3641,1788.695019738,1788.695156468,571,0
1263,3641,1788.728344922,1788.728400460,571,0
1264,3641,1788.761678144,1788.762429599,572,1
1265,3641,1788.795009559,1788.795143789,572,0
1266,3641,1788.828341166,1788.828394935,572,0
1267,3641,1788.864054943,1788.864736013,573,1
1268,3641,1788.895076956,1788.895208339,573,0
1269,3641,1788.928421063,1788.928424755,573,0
1270,3641,1788.961670747,1788.961674132,573,0
1271,3641,1788.995034085,1788.995038123,573,0
1272,3641,1789.028339230,1789.028343307,573,0
1273,3641,1789.061667530,1789.061671068,573,0
1274,3641,1789.095006329,1789.095010252,573,0
1275,3641,1789.128344859,1789.128347666,573,0
1276,3641,1789.164052712,1789.164056366,573,0
